{"cameraMode":{"drawMode":0,"name":"Shaded","section":"Shading Mode"},"sceneLighting":true,"audioPlay":false,"sceneViewState":{"m_AlwaysRefresh":false,"showFog":true,"showSkybox":true,"showFlares":true,"showImageEffects":true,"showParticleSystems":true,"showVisualEffectGraphs":true,"m_FxEnabled":true},"in2DMode":false,"pivot":{"x":13.887056350708008,"y":38.47859573364258,"z":15.899187088012696},"rotation":{"x":0.16640080511569978,"y":-0.05026523768901825,"z":0.008493814617395401,"w":0.9847413301467896},"size":52.333465576171878,"orthographic":false}